ApplicantID,Income,CreditScore,LTV,DebtToIncomeRatio,EmploymentStatus,RejectionReason
10001,96428.03,582,66.35,13.68,PAYE,Adverse credit history
10002,71394.49,742,75.47,19.41,Self-Employed < 2yrs,Insufficient trading history
10003,111364.47,614,59.27,29.25,PAYE,Adverse credit history
10004,69220.25,708,83.39,51.34,PAYE,Affordability / High DTI
10005,45255.34,757,89.99,31.18,PAYE,LTV exceeds product maximum
10006,56458.25,779,91.08,22.01,PAYE,LTV exceeds product maximum
10007,57154.52,747,93.78,33.86,PAYE,LTV exceeds product maximum
10008,67322.55,745,86.58,19.02,Self-Employed < 2yrs,Insufficient trading history
10009,81118.54,593,64.37,19.16,PAYE,Adverse credit history
10010,110388.18,612,67.75,21.42,PAYE,Adverse credit history
10011,59339.37,820,93.49,34.7,PAYE,LTV exceeds product maximum
10012,77405.68,660,81.57,50.68,PAYE,Affordability / High DTI
10013,73521.76,735,84.04,57.78,PAYE,Affordability / High DTI
10014,96602.34,583,72.01,17.41,PAYE,Adverse credit history
10015,64318.19,739,83.66,52.89,PAYE,Affordability / High DTI
10016,64144.37,725,84.81,54.77,PAYE,Affordability / High DTI
10017,76336.46,735,80.08,47.48,PAYE,Affordability / High DTI
10018,96560.22,644,74.44,10.0,PAYE,Adverse credit history
10019,97428.6,752,73.24,32.85,Self-Employed < 2yrs,Insufficient trading history
10020,54075.14,769,91.06,33.14,PAYE,LTV exceeds product maximum
10021,57384.37,711,94.44,28.27,PAYE,LTV exceeds product maximum
10022,70003.68,636,77.02,22.43,Self-Employed < 2yrs,Insufficient trading history
10023,71880.53,726,89.04,48.15,PAYE,Affordability / High DTI
10024,99390.75,568,70.59,16.5,PAYE,Adverse credit history
10025,84627.6,592,63.33,29.91,PAYE,Adverse credit history
10026,59345.72,733,82.71,51.12,PAYE,Affordability / High DTI
10027,116555.88,601,70.7,27.84,PAYE,Adverse credit history
10028,67675.43,686,82.49,50.73,PAYE,Affordability / High DTI
10029,90382.84,581,57.58,15.7,PAYE,Adverse credit history
10030,79879.91,781,84.35,50.5,PAYE,Affordability / High DTI
10031,71650.44,770,77.02,23.94,Self-Employed < 2yrs,Insufficient trading history
10032,58950.44,719,82.15,54.49,PAYE,Affordability / High DTI
10033,74401.03,760,85.95,52.94,PAYE,Affordability / High DTI
10034,68983.29,699,86.19,29.59,Self-Employed < 2yrs,Insufficient trading history
10035,66494.77,699,71.84,22.77,Self-Employed < 2yrs,Insufficient trading history
10036,58675.93,669,86.34,47.98,PAYE,Affordability / High DTI
10037,74479.08,740,79.39,48.85,PAYE,Affordability / High DTI
10038,53150.14,829,90.77,28.61,PAYE,LTV exceeds product maximum
10039,74090.33,727,92.19,30.78,PAYE,LTV exceeds product maximum
10040,55017.63,741,84.87,52.9,PAYE,Affordability / High DTI
10041,92908.15,758,76.24,23.59,Self-Employed < 2yrs,Insufficient trading history
10042,94475.89,599,85.17,18.97,PAYE,Adverse credit history
10043,62251.58,726,93.88,21.33,PAYE,LTV exceeds product maximum
10044,101285.82,598,58.7,19.5,PAYE,Adverse credit history
10045,105660.54,621,58.01,13.8,PAYE,Adverse credit history
10046,60903.87,829,91.52,30.4,PAYE,LTV exceeds product maximum
10047,95020.74,591,56.17,17.25,PAYE,Adverse credit history
10048,101242.65,606,65.32,22.13,PAYE,Adverse credit history
10049,79924.52,720,78.31,24.19,Self-Employed < 2yrs,Insufficient trading history
10050,95009.27,808,69.46,19.73,Self-Employed < 2yrs,Insufficient trading history
10051,66281.3,733,90.77,47.71,PAYE,Affordability / High DTI
10052,90103.7,721,82.15,19.31,Self-Employed < 2yrs,Insufficient trading history
10053,83560.55,668,76.05,23.55,Self-Employed < 2yrs,Insufficient trading history
10054,56263.47,756,93.21,31.1,PAYE,LTV exceeds product maximum
10055,109156.38,604,76.56,16.2,PAYE,Adverse credit history
10056,71868.47,650,81.81,50.86,PAYE,Affordability / High DTI
10057,62520.87,806,92.29,37.71,PAYE,LTV exceeds product maximum
10058,76233.19,737,67.21,30.21,Self-Employed < 2yrs,Insufficient trading history
10059,62196.74,747,93.63,27.13,PAYE,LTV exceeds product maximum
10060,75653.06,783,88.51,48.95,PAYE,Affordability / High DTI
10061,63905.12,667,86.16,51.11,PAYE,Affordability / High DTI
10062,71182.64,713,90.58,30.58,PAYE,LTV exceeds product maximum
10063,70712.59,784,91.64,22.44,PAYE,LTV exceeds product maximum
10064,64422.53,809,89.08,27.51,PAYE,LTV exceeds product maximum
10065,76021.66,669,78.83,21.27,Self-Employed < 2yrs,Insufficient trading history
10066,55693.79,601,84.08,51.07,PAYE,Affordability / High DTI
10067,74595.13,861,77.17,49.62,PAYE,Affordability / High DTI
10068,110871.54,602,72.17,19.51,PAYE,Adverse credit history
10069,103595.44,601,68.04,24.49,PAYE,Adverse credit history
10070,69951.77,737,75.56,33.03,Self-Employed < 2yrs,Insufficient trading history
10071,63117.81,775,92.02,31.32,PAYE,LTV exceeds product maximum
10072,45382.4,731,87.2,51.74,PAYE,Affordability / High DTI
10073,59491.47,816,89.17,24.46,PAYE,LTV exceeds product maximum
10074,119817.99,616,58.39,27.55,PAYE,Adverse credit history
10075,77694.47,785,86.46,53.74,PAYE,Affordability / High DTI
10076,65425.18,606,58.48,17.7,PAYE,Adverse credit history
10077,61353.68,800,92.81,28.77,PAYE,LTV exceeds product maximum
10078,71156.53,812,88.64,52.73,PAYE,Affordability / High DTI
10079,85450.01,597,74.28,16.34,PAYE,Adverse credit history
10080,60274.39,781,68.78,23.19,Self-Employed < 2yrs,Insufficient trading history
10081,46649.64,582,63.22,21.2,PAYE,Adverse credit history
10082,55337.41,744,79.6,46.23,PAYE,Affordability / High DTI
10083,105833.2,820,76.41,24.75,Self-Employed < 2yrs,Insufficient trading history
10084,55736.5,778,90.04,31.26,PAYE,LTV exceeds product maximum
10085,59973.37,748,92.4,28.23,PAYE,LTV exceeds product maximum
10086,63287.3,865,92.6,34.65,PAYE,LTV exceeds product maximum
10087,59622.28,686,80.06,22.01,Self-Employed < 2yrs,Insufficient trading history
10088,34060.3,746,78.63,25.2,Self-Employed < 2yrs,Insufficient trading history
10089,58130.88,766,92.67,30.5,PAYE,LTV exceeds product maximum
10090,88383.9,580,62.61,16.19,PAYE,Adverse credit history
10091,114242.01,601,70.26,20.27,PAYE,Adverse credit history
10092,63621.81,600,59.02,18.16,PAYE,Adverse credit history
10093,74067.1,640,69.83,22.49,PAYE,Adverse credit history
10094,63699.38,782,93.43,22.3,PAYE,LTV exceeds product maximum
10095,57081.27,805,92.86,36.46,PAYE,LTV exceeds product maximum
10096,68118.73,687,82.35,52.13,PAYE,Affordability / High DTI
10097,70371.42,796,90.41,19.16,PAYE,LTV exceeds product maximum
10098,64765.93,777,78.06,49.92,PAYE,Affordability / High DTI
10099,84858.77,618,66.12,24.3,PAYE,Adverse credit history
10100,61192.05,799,78.41,28.39,Self-Employed < 2yrs,Insufficient trading history
10101,52232.94,822,92.85,25.22,PAYE,LTV exceeds product maximum
10102,72894.86,703,69.64,23.34,Self-Employed < 2yrs,Insufficient trading history
10103,87809.93,631,63.84,21.75,PAYE,Adverse credit history
10104,122326.96,581,50.0,22.96,PAYE,Adverse credit history
10105,73928.54,751,92.05,26.64,PAYE,LTV exceeds product maximum
10106,50558.31,740,91.94,29.42,PAYE,LTV exceeds product maximum
10107,63131.26,601,70.76,29.76,PAYE,Adverse credit history
10108,118120.26,571,65.47,23.54,PAYE,Adverse credit history
10109,39488.34,818,72.05,19.22,Self-Employed < 2yrs,Insufficient trading history
10110,59514.56,591,67.9,20.22,PAYE,Adverse credit history
10111,56833.03,754,93.12,35.97,PAYE,LTV exceeds product maximum
10112,104351.4,585,81.68,23.56,PAYE,Adverse credit history
10113,77196.95,770,90.11,28.63,PAYE,LTV exceeds product maximum
10114,82030.11,800,82.9,29.64,Self-Employed < 2yrs,Insufficient trading history
10115,73120.06,729,91.71,50.54,PAYE,Affordability / High DTI
10116,64589.21,784,92.48,26.03,PAYE,LTV exceeds product maximum
10117,89993.82,592,50.0,34.57,PAYE,Adverse credit history
10118,72275.21,762,93.1,33.19,PAYE,LTV exceeds product maximum
10119,90573.1,595,55.57,18.8,PAYE,Adverse credit history
10120,46762.72,812,96.83,36.94,PAYE,LTV exceeds product maximum
10121,89470.06,790,81.41,28.17,Self-Employed < 2yrs,Insufficient trading history
10122,62027.5,694,85.07,51.13,PAYE,Affordability / High DTI
10123,66704.5,707,80.46,28.69,Self-Employed < 2yrs,Insufficient trading history
10124,67153.27,635,68.68,21.11,PAYE,Adverse credit history
10125,52239.7,702,93.74,39.45,PAYE,LTV exceeds product maximum
10126,96721.06,598,72.72,20.74,PAYE,Adverse credit history
10127,38200.73,830,90.88,26.65,PAYE,LTV exceeds product maximum
10128,63119.21,773,93.43,25.82,PAYE,LTV exceeds product maximum
10129,67036.65,687,82.96,48.44,PAYE,Affordability / High DTI
10130,80399.51,743,71.59,23.69,Self-Employed < 2yrs,Insufficient trading history
10131,93425.33,636,71.6,23.94,PAYE,Adverse credit history
10132,83787.72,828,75.66,23.11,Self-Employed < 2yrs,Insufficient trading history
10133,76082.98,798,71.05,22.33,Self-Employed < 2yrs,Insufficient trading history
10134,52409.64,684,92.23,24.95,PAYE,LTV exceeds product maximum
10135,82513.62,692,73.53,22.15,Self-Employed < 2yrs,Insufficient trading history
10136,46247.19,588,57.12,22.16,PAYE,Adverse credit history
10137,67437.43,714,89.29,40.52,PAYE,LTV exceeds product maximum
10138,91716.73,784,82.88,31.6,Self-Employed < 2yrs,Insufficient trading history
10139,66704.76,752,93.25,26.55,PAYE,LTV exceeds product maximum
10140,54320.99,670,83.1,53.42,PAYE,Affordability / High DTI
10141,85188.37,579,73.96,16.67,PAYE,Adverse credit history
10142,69735.9,662,86.01,50.26,PAYE,Affordability / High DTI
10143,49848.74,822,79.7,21.24,Self-Employed < 2yrs,Insufficient trading history
10144,72890.11,744,78.89,27.09,Self-Employed < 2yrs,Insufficient trading history
10145,51112.39,773,93.17,31.04,PAYE,LTV exceeds product maximum
10146,114528.22,597,68.15,13.26,PAYE,Adverse credit history
10147,79231.8,624,73.18,24.64,Self-Employed < 2yrs,Insufficient trading history
10148,65537.99,795,92.97,27.01,PAYE,LTV exceeds product maximum
10149,83146.93,802,63.05,23.47,Self-Employed < 2yrs,Insufficient trading history
10150,74891.76,807,75.74,23.37,Self-Employed < 2yrs,Insufficient trading history
10151,53548.82,666,83.2,46.7,PAYE,Affordability / High DTI
10152,101138.2,671,59.28,17.77,PAYE,Adverse credit history
10153,107205.76,601,61.89,16.27,PAYE,Adverse credit history
10154,103497.69,633,64.74,20.74,PAYE,Adverse credit history
10155,85497.45,738,84.75,45.43,PAYE,Affordability / High DTI
10156,98023.96,765,71.97,17.96,Self-Employed < 2yrs,Insufficient trading history
10157,64284.79,730,75.05,24.81,Self-Employed < 2yrs,Insufficient trading history
10158,85392.01,782,71.12,33.46,Self-Employed < 2yrs,Insufficient trading history
10159,77025.41,811,84.61,49.92,PAYE,Affordability / High DTI
10160,97744.53,573,56.62,11.84,PAYE,Adverse credit history
10161,51247.32,682,85.9,51.56,PAYE,Affordability / High DTI
10162,64154.84,783,78.99,20.12,Self-Employed < 2yrs,Insufficient trading history
10163,78774.31,717,81.64,29.68,Self-Employed < 2yrs,Insufficient trading history
10164,111195.51,694,76.15,18.47,Self-Employed < 2yrs,Insufficient trading history
10165,71867.32,753,83.87,47.02,PAYE,Affordability / High DTI
10166,77436.57,729,70.7,29.88,Self-Employed < 2yrs,Insufficient trading history
10167,70301.48,614,67.79,29.32,PAYE,Adverse credit history
10168,84772.63,714,80.61,26.07,Self-Employed < 2yrs,Insufficient trading history
10169,64823.19,701,85.79,58.93,PAYE,Affordability / High DTI
10170,71817.29,595,53.79,28.02,PAYE,Adverse credit history
10171,65802.3,856,92.24,24.43,PAYE,LTV exceeds product maximum
10172,113094.11,627,50.0,16.59,PAYE,Adverse credit history
10173,66878.11,720,79.08,20.73,Self-Employed < 2yrs,Insufficient trading history
10174,78742.65,734,80.02,48.14,PAYE,Affordability / High DTI
10175,68821.38,739,83.96,54.12,PAYE,Affordability / High DTI
10176,63205.03,749,76.4,26.95,Self-Employed < 2yrs,Insufficient trading history
10177,48784.16,788,93.03,25.91,PAYE,LTV exceeds product maximum
10178,99437.25,609,61.87,20.12,PAYE,Adverse credit history
10179,59218.18,752,92.42,35.29,PAYE,LTV exceeds product maximum
10180,67727.96,750,82.71,49.09,PAYE,Affordability / High DTI
10181,79213.2,805,91.2,24.44,PAYE,LTV exceeds product maximum
10182,57933.15,742,90.74,27.15,PAYE,LTV exceeds product maximum
10183,78194.99,587,67.71,12.62,PAYE,Adverse credit history
10184,116737.91,599,63.94,33.68,PAYE,Adverse credit history
10185,67617.1,740,72.69,10.0,Self-Employed < 2yrs,Insufficient trading history
10186,54070.03,772,92.07,34.36,PAYE,LTV exceeds product maximum
10187,62941.23,562,72.28,19.46,PAYE,Adverse credit history
10188,95750.55,607,71.28,11.44,PAYE,Adverse credit history
10189,106727.38,613,63.33,19.65,PAYE,Adverse credit history
10190,98372.82,614,60.33,17.33,PAYE,Adverse credit history
10191,64261.02,769,69.9,15.66,Self-Employed < 2yrs,Insufficient trading history
10192,85904.18,625,74.8,13.07,PAYE,Adverse credit history
10193,54095.47,730,84.39,53.39,PAYE,Affordability / High DTI
10194,108960.67,609,71.19,11.55,PAYE,Adverse credit history
10195,88466.72,589,50.0,18.18,PAYE,Adverse credit history
10196,53753.61,801,82.37,46.58,PAYE,Affordability / High DTI
10197,67653.01,703,83.44,55.36,PAYE,Affordability / High DTI
10198,76426.65,708,86.82,51.8,PAYE,Affordability / High DTI
10199,50467.88,812,91.34,30.73,PAYE,LTV exceeds product maximum
10200,94336.85,687,84.54,47.57,PAYE,Affordability / High DTI
10201,92609.34,591,68.1,24.01,PAYE,Adverse credit history
10202,107629.37,630,67.74,25.05,PAYE,Adverse credit history
10203,60505.73,767,93.76,32.25,PAYE,LTV exceeds product maximum
10204,75462.65,786,94.63,37.7,PAYE,LTV exceeds product maximum
10205,67605.23,704,91.88,21.81,PAYE,LTV exceeds product maximum
10206,75038.3,773,83.02,30.78,Self-Employed < 2yrs,Insufficient trading history
10207,45742.52,725,76.82,28.36,Self-Employed < 2yrs,Insufficient trading history
10208,45413.06,784,91.21,27.6,PAYE,LTV exceeds product maximum
10209,73134.72,710,87.33,49.14,PAYE,Affordability / High DTI
10210,76344.04,764,71.05,24.8,Self-Employed < 2yrs,Insufficient trading history
10211,89620.87,841,72.59,25.23,Self-Employed < 2yrs,Insufficient trading history
10212,55816.33,771,90.68,36.35,PAYE,LTV exceeds product maximum
10213,86515.01,575,61.24,19.19,PAYE,Adverse credit history
10214,64877.44,753,89.41,24.47,PAYE,LTV exceeds product maximum
10215,73063.86,573,57.2,30.22,PAYE,Adverse credit history
10216,53710.79,724,92.42,27.63,PAYE,LTV exceeds product maximum
10217,68975.89,647,85.94,52.57,PAYE,Affordability / High DTI
10218,70592.66,801,94.94,36.04,PAYE,LTV exceeds product maximum
10219,63845.74,799,90.81,37.45,PAYE,LTV exceeds product maximum
10220,107647.87,622,53.47,24.05,PAYE,Adverse credit history
10221,83138.3,611,75.05,24.6,PAYE,Adverse credit history
10222,50230.41,779,85.85,48.43,PAYE,Affordability / High DTI
10223,81292.44,613,74.97,26.55,PAYE,Adverse credit history
10224,60375.14,825,73.97,24.21,Self-Employed < 2yrs,Insufficient trading history
10225,69500.14,762,87.62,50.64,PAYE,Affordability / High DTI
10226,54433.18,709,91.35,29.62,PAYE,LTV exceeds product maximum
10227,64206.81,840,85.62,49.79,PAYE,Affordability / High DTI
10228,61836.81,765,83.51,52.5,PAYE,Affordability / High DTI
10229,54194.36,713,90.97,38.64,PAYE,LTV exceeds product maximum
10230,82970.3,598,77.27,20.51,PAYE,Adverse credit history
10231,85561.03,601,72.68,23.54,PAYE,Adverse credit history
10232,69168.48,825,92.72,37.21,PAYE,LTV exceeds product maximum
10233,77243.95,614,66.72,22.1,PAYE,Adverse credit history
10234,61197.62,738,84.43,49.73,PAYE,Affordability / High DTI
10235,63848.43,674,84.5,50.96,PAYE,Affordability / High DTI
10236,71578.56,639,72.72,18.58,Self-Employed < 2yrs,Insufficient trading history
10237,72053.79,737,85.36,46.44,PAYE,Affordability / High DTI
10238,70792.58,665,86.64,46.01,PAYE,Affordability / High DTI
10239,80923.37,753,70.15,17.53,Self-Employed < 2yrs,Insufficient trading history
10240,65348.88,624,85.18,53.56,PAYE,Affordability / High DTI
10241,52644.04,786,90.82,37.18,PAYE,LTV exceeds product maximum
10242,54251.65,659,82.87,54.01,PAYE,Affordability / High DTI
10243,55111.37,773,92.39,35.0,PAYE,LTV exceeds product maximum
10244,108355.38,597,78.95,16.03,PAYE,Adverse credit history
10245,60246.97,640,50.0,19.25,PAYE,Adverse credit history
10246,69192.47,765,91.03,33.78,PAYE,LTV exceeds product maximum
10247,70681.68,587,64.77,15.53,PAYE,Adverse credit history
10248,71263.77,767,87.92,48.0,PAYE,Affordability / High DTI
10249,61619.41,624,78.23,29.17,PAYE,Adverse credit history
10250,69786.4,619,82.56,50.17,PAYE,Affordability / High DTI
10251,90512.29,775,71.64,26.42,Self-Employed < 2yrs,Insufficient trading history
10252,84949.55,592,75.27,25.3,PAYE,Adverse credit history
10253,100657.0,732,75.86,27.95,Self-Employed < 2yrs,Insufficient trading history
10254,82510.51,878,73.61,24.91,Self-Employed < 2yrs,Insufficient trading history
10255,57480.99,737,91.08,31.12,PAYE,LTV exceeds product maximum
10256,66858.01,651,81.03,55.11,PAYE,Affordability / High DTI
10257,67173.93,740,90.36,35.41,PAYE,LTV exceeds product maximum
10258,83593.7,668,87.64,44.06,PAYE,Affordability / High DTI
10259,74905.33,726,80.92,33.41,Self-Employed < 2yrs,Insufficient trading history
10260,78812.33,637,76.7,26.82,Self-Employed < 2yrs,Insufficient trading history
10261,69864.41,637,81.61,50.68,PAYE,Affordability / High DTI
10262,50391.11,761,89.46,25.9,PAYE,LTV exceeds product maximum
10263,66370.71,647,82.82,49.25,PAYE,Affordability / High DTI
10264,70607.98,736,84.86,53.12,PAYE,Affordability / High DTI
10265,44480.63,698,92.52,28.17,PAYE,LTV exceeds product maximum
10266,74210.97,716,84.48,46.62,PAYE,Affordability / High DTI
10267,87835.52,626,58.42,13.85,PAYE,Adverse credit history
10268,71246.2,783,88.61,38.63,PAYE,LTV exceeds product maximum
10269,54999.73,674,84.94,49.25,PAYE,Affordability / High DTI
10270,80524.14,791,86.33,47.4,PAYE,Affordability / High DTI
10271,100197.93,632,70.5,10.0,PAYE,Adverse credit history
10272,60168.62,748,90.47,26.15,PAYE,LTV exceeds product maximum
10273,66945.89,863,89.66,36.6,PAYE,LTV exceeds product maximum
10274,73460.09,749,89.12,54.8,PAYE,Affordability / High DTI
10275,46085.48,808,92.1,26.19,PAYE,LTV exceeds product maximum
10276,123362.02,611,64.85,26.54,PAYE,Adverse credit history
10277,56320.35,753,91.12,27.66,PAYE,LTV exceeds product maximum
10278,97826.15,619,52.69,17.5,PAYE,Adverse credit history
10279,77306.79,713,71.4,31.73,Self-Employed < 2yrs,Insufficient trading history
10280,73862.98,747,85.79,47.46,PAYE,Affordability / High DTI
10281,60779.01,773,94.07,32.35,PAYE,LTV exceeds product maximum
10282,60101.3,777,93.05,38.44,PAYE,LTV exceeds product maximum
10283,96761.05,591,62.82,13.77,PAYE,Adverse credit history
10284,37872.62,702,94.07,30.72,PAYE,LTV exceeds product maximum
10285,79651.21,826,83.07,49.56,PAYE,Affordability / High DTI
10286,82209.59,629,58.0,23.19,PAYE,Adverse credit history
10287,67462.82,828,81.56,45.15,PAYE,Affordability / High DTI
10288,89694.19,627,67.54,29.63,PAYE,Adverse credit history
10289,72486.0,591,79.1,30.21,PAYE,Adverse credit history
10290,61146.72,708,82.29,48.0,PAYE,Affordability / High DTI
10291,62233.73,792,90.01,30.21,PAYE,LTV exceeds product maximum
10292,51267.32,862,92.97,27.25,PAYE,LTV exceeds product maximum
10293,73226.54,674,78.24,16.34,Self-Employed < 2yrs,Insufficient trading history
10294,49393.09,777,90.65,28.97,PAYE,LTV exceeds product maximum
10295,91280.79,619,76.25,30.62,PAYE,Adverse credit history
10296,70290.29,780,90.14,30.47,PAYE,LTV exceeds product maximum
10297,88740.99,597,70.34,18.94,PAYE,Adverse credit history
10298,65144.18,836,77.73,19.04,Self-Employed < 2yrs,Insufficient trading history
10299,54796.76,788,90.92,28.78,PAYE,LTV exceeds product maximum
10300,81018.31,610,83.53,47.61,PAYE,Affordability / High DTI
10301,54834.79,813,92.52,20.3,PAYE,LTV exceeds product maximum
10302,80901.8,738,78.63,23.44,Self-Employed < 2yrs,Insufficient trading history
10303,54579.88,852,93.9,32.21,PAYE,LTV exceeds product maximum
10304,52979.4,734,80.89,47.3,PAYE,Affordability / High DTI
10305,56633.58,628,78.89,21.14,PAYE,Adverse credit history
10306,52645.87,676,88.27,46.68,PAYE,Affordability / High DTI
10307,75737.57,809,90.21,33.36,PAYE,LTV exceeds product maximum
10308,62049.15,780,90.33,28.14,PAYE,LTV exceeds product maximum
10309,49769.09,768,90.24,38.76,PAYE,LTV exceeds product maximum
10310,70819.33,599,80.24,47.7,PAYE,Affordability / High DTI
10311,72599.11,747,82.93,47.65,PAYE,Affordability / High DTI
10312,120418.64,611,54.7,16.51,PAYE,Adverse credit history
10313,67168.39,777,91.21,31.35,PAYE,LTV exceeds product maximum
10314,49378.61,803,89.39,24.92,PAYE,LTV exceeds product maximum
10315,77274.87,752,74.11,32.69,Self-Employed < 2yrs,Insufficient trading history
10316,84278.88,596,60.56,13.36,PAYE,Adverse credit history
10317,85931.16,860,72.96,24.82,Self-Employed < 2yrs,Insufficient trading history
10318,123180.23,707,78.01,13.98,Self-Employed < 2yrs,Insufficient trading history
10319,59915.9,768,91.76,38.8,PAYE,LTV exceeds product maximum
10320,53815.8,791,90.66,31.76,PAYE,LTV exceeds product maximum
10321,82018.82,743,88.92,48.04,PAYE,Affordability / High DTI
10322,78453.76,808,78.52,28.81,Self-Employed < 2yrs,Insufficient trading history
10323,67653.56,797,84.18,51.58,PAYE,Affordability / High DTI
10324,47799.16,842,90.98,29.02,PAYE,LTV exceeds product maximum
10325,83500.82,758,70.35,30.32,Self-Employed < 2yrs,Insufficient trading history
10326,54484.72,791,87.43,47.6,PAYE,Affordability / High DTI
10327,58014.27,821,74.24,27.59,Self-Employed < 2yrs,Insufficient trading history
10328,68737.55,616,57.53,19.97,PAYE,Adverse credit history
10329,51266.85,768,91.97,30.59,PAYE,LTV exceeds product maximum
10330,62798.6,744,94.15,36.13,PAYE,LTV exceeds product maximum
10331,64483.6,630,89.86,46.98,PAYE,Affordability / High DTI
10332,86757.55,776,68.65,29.55,Self-Employed < 2yrs,Insufficient trading history
10333,77956.97,700,76.07,30.48,Self-Employed < 2yrs,Insufficient trading history
10334,89656.89,571,70.91,23.5,PAYE,Adverse credit history
10335,58986.15,774,92.15,32.5,PAYE,LTV exceeds product maximum
10336,63278.14,731,91.69,34.93,PAYE,LTV exceeds product maximum
10337,68567.35,541,64.28,24.47,PAYE,Adverse credit history
10338,51066.26,774,91.0,26.79,PAYE,LTV exceeds product maximum
10339,85369.52,594,81.95,22.0,PAYE,Adverse credit history
10340,64650.8,799,86.3,54.28,PAYE,Affordability / High DTI
10341,92813.96,578,50.0,18.36,PAYE,Adverse credit history
10342,88388.13,600,59.48,19.24,PAYE,Adverse credit history
10343,55454.91,684,91.59,48.68,PAYE,Affordability / High DTI
10344,49681.9,799,91.02,23.46,PAYE,LTV exceeds product maximum
10345,59628.95,860,93.29,31.12,PAYE,LTV exceeds product maximum
10346,100435.94,595,80.55,26.73,PAYE,Adverse credit history
10347,62578.13,787,78.4,45.22,PAYE,Affordability / High DTI
10348,106065.61,619,71.3,10.27,PAYE,Adverse credit history
10349,68175.27,739,92.09,26.78,PAYE,LTV exceeds product maximum
10350,73535.28,752,88.21,50.11,PAYE,Affordability / High DTI
10351,93152.42,591,76.09,13.87,PAYE,Adverse credit history
10352,78093.05,832,71.79,31.99,Self-Employed < 2yrs,Insufficient trading history
10353,54419.02,851,68.84,32.2,Self-Employed < 2yrs,Insufficient trading history
10354,81416.42,622,58.94,22.72,PAYE,Adverse credit history
10355,74858.99,776,85.14,49.06,PAYE,Affordability / High DTI
10356,46989.71,738,80.58,31.47,Self-Employed < 2yrs,Insufficient trading history
10357,67674.62,778,82.46,28.55,Self-Employed < 2yrs,Insufficient trading history
10358,61287.69,796,92.81,23.7,PAYE,LTV exceeds product maximum
10359,106716.14,579,77.46,25.63,PAYE,Adverse credit history
10360,55707.25,772,93.88,23.54,PAYE,LTV exceeds product maximum
10361,94103.84,605,81.03,21.47,PAYE,Adverse credit history
10362,76036.76,772,92.13,34.25,PAYE,LTV exceeds product maximum
10363,45860.29,709,73.22,34.59,Self-Employed < 2yrs,Insufficient trading history
10364,101851.0,643,58.44,20.19,PAYE,Adverse credit history
10365,94901.96,596,58.36,17.52,PAYE,Adverse credit history
10366,82269.84,590,69.6,20.73,PAYE,Adverse credit history
10367,137588.93,540,57.55,22.3,PAYE,Adverse credit history
10368,48200.6,733,88.3,54.94,PAYE,Affordability / High DTI
10369,56053.97,760,93.09,25.85,PAYE,LTV exceeds product maximum
10370,64259.26,638,83.33,44.48,PAYE,Affordability / High DTI
10371,83147.34,636,71.03,16.05,PAYE,Adverse credit history
10372,75046.75,713,83.65,54.1,PAYE,Affordability / High DTI
10373,91888.95,763,72.6,17.32,Self-Employed < 2yrs,Insufficient trading history
10374,72240.05,689,75.41,29.77,Self-Employed < 2yrs,Insufficient trading history
10375,62825.0,705,75.03,20.03,Self-Employed < 2yrs,Insufficient trading history
10376,74003.88,848,72.89,17.69,Self-Employed < 2yrs,Insufficient trading history
10377,75598.77,679,73.24,25.67,Self-Employed < 2yrs,Insufficient trading history
10378,55633.06,796,90.08,31.96,PAYE,LTV exceeds product maximum
10379,92806.19,606,64.69,20.36,PAYE,Adverse credit history
10380,77583.53,698,70.73,29.98,Self-Employed < 2yrs,Insufficient trading history
10381,75001.35,721,77.93,30.29,Self-Employed < 2yrs,Insufficient trading history
10382,63703.49,702,84.9,47.78,PAYE,Affordability / High DTI
10383,66718.62,801,93.8,30.65,PAYE,LTV exceeds product maximum
10384,85708.11,817,69.86,22.24,Self-Employed < 2yrs,Insufficient trading history
10385,48894.7,810,90.82,37.21,PAYE,LTV exceeds product maximum
10386,90564.72,703,85.53,26.48,Self-Employed < 2yrs,Insufficient trading history
10387,83584.18,624,62.37,20.55,PAYE,Adverse credit history
10388,73643.31,729,79.91,27.48,Self-Employed < 2yrs,Insufficient trading history
10389,67641.77,729,84.17,53.44,PAYE,Affordability / High DTI
10390,75926.98,732,76.24,29.67,Self-Employed < 2yrs,Insufficient trading history
10391,48840.48,607,57.2,24.51,PAYE,Adverse credit history
10392,70050.85,697,79.63,51.98,PAYE,Affordability / High DTI
10393,66945.52,754,80.72,43.51,PAYE,Affordability / High DTI
10394,52603.91,728,91.04,31.19,PAYE,LTV exceeds product maximum
10395,79877.23,749,75.19,21.31,Self-Employed < 2yrs,Insufficient trading history
10396,47155.4,740,89.99,23.86,PAYE,LTV exceeds product maximum
10397,65687.0,768,90.78,30.33,PAYE,LTV exceeds product maximum
10398,71192.47,607,62.32,21.29,PAYE,Adverse credit history
10399,119196.54,597,63.79,15.18,PAYE,Adverse credit history
10400,58832.7,722,93.03,26.36,PAYE,LTV exceeds product maximum
10401,75940.08,740,74.89,21.61,Self-Employed < 2yrs,Insufficient trading history
10402,79952.79,649,86.09,48.68,PAYE,Affordability / High DTI
10403,64531.93,756,81.54,50.89,PAYE,Affordability / High DTI
10404,54956.61,758,93.88,26.22,PAYE,LTV exceeds product maximum
10405,77839.42,799,78.73,27.33,Self-Employed < 2yrs,Insufficient trading history
10406,61740.69,810,91.46,24.51,PAYE,LTV exceeds product maximum
10407,68131.36,733,74.91,31.15,Self-Employed < 2yrs,Insufficient trading history
10408,52063.77,812,90.66,33.25,PAYE,LTV exceeds product maximum
10409,92920.34,817,73.67,29.74,Self-Employed < 2yrs,Insufficient trading history
10410,41273.15,803,69.56,21.72,Self-Employed < 2yrs,Insufficient trading history
10411,60054.59,691,73.57,31.75,Self-Employed < 2yrs,Insufficient trading history
10412,75412.34,740,74.66,18.81,Self-Employed < 2yrs,Insufficient trading history
10413,72642.78,601,69.35,18.62,PAYE,Adverse credit history
10414,63535.99,711,82.89,50.56,PAYE,Affordability / High DTI
10415,56409.79,730,92.59,30.53,PAYE,LTV exceeds product maximum
10416,61392.01,758,83.21,52.47,PAYE,Affordability / High DTI
10417,74088.13,766,83.57,33.22,Self-Employed < 2yrs,Insufficient trading history
10418,72064.59,731,80.67,51.05,PAYE,Affordability / High DTI
10419,77560.28,583,62.85,26.06,PAYE,Adverse credit history
10420,44779.02,785,92.34,31.85,PAYE,LTV exceeds product maximum
10421,90330.12,753,73.67,16.39,Self-Employed < 2yrs,Insufficient trading history
10422,76705.44,776,75.67,31.12,Self-Employed < 2yrs,Insufficient trading history
10423,93354.67,763,66.29,22.35,Self-Employed < 2yrs,Insufficient trading history
10424,42786.15,745,71.36,32.72,Self-Employed < 2yrs,Insufficient trading history
10425,76551.81,744,66.97,24.18,Self-Employed < 2yrs,Insufficient trading history
10426,50681.32,743,80.92,21.11,Self-Employed < 2yrs,Insufficient trading history
10427,90200.46,839,72.91,25.29,Self-Employed < 2yrs,Insufficient trading history
10428,55051.4,657,78.87,31.75,Self-Employed < 2yrs,Insufficient trading history
10429,51483.7,671,87.5,53.27,PAYE,Affordability / High DTI
10430,81900.34,694,85.22,57.32,PAYE,Affordability / High DTI
10431,65527.42,817,82.1,48.12,PAYE,Affordability / High DTI
10432,67202.57,670,87.64,54.23,PAYE,Affordability / High DTI
10433,51794.71,716,77.51,20.41,Self-Employed < 2yrs,Insufficient trading history
10434,72684.18,777,93.52,37.05,PAYE,LTV exceeds product maximum
10435,53659.6,607,66.98,13.3,PAYE,Adverse credit history
10436,71010.85,608,69.79,28.6,PAYE,Adverse credit history
10437,63692.89,821,95.54,24.24,PAYE,LTV exceeds product maximum
10438,62467.16,748,88.17,47.31,PAYE,Affordability / High DTI
10439,55814.12,662,84.08,53.06,PAYE,Affordability / High DTI
10440,63139.91,771,90.61,26.25,PAYE,LTV exceeds product maximum
10441,56110.93,793,92.9,28.12,PAYE,LTV exceeds product maximum
10442,51133.03,709,89.53,47.52,PAYE,Affordability / High DTI
10443,60024.71,691,86.17,47.9,PAYE,Affordability / High DTI
10444,53749.42,766,92.12,31.14,PAYE,LTV exceeds product maximum
10445,72071.34,695,82.94,49.79,PAYE,Affordability / High DTI
10446,93227.0,628,54.58,18.34,PAYE,Adverse credit history
10447,59766.92,779,83.57,32.3,Self-Employed < 2yrs,Insufficient trading history
10448,69391.31,800,91.19,32.29,PAYE,LTV exceeds product maximum
10449,79527.53,769,91.48,44.64,PAYE,Affordability / High DTI
10450,59530.33,740,84.16,48.85,PAYE,Affordability / High DTI
10451,52530.43,834,92.19,34.38,PAYE,LTV exceeds product maximum
10452,64627.13,728,82.51,47.57,PAYE,Affordability / High DTI
10453,69521.95,727,80.64,28.97,Self-Employed < 2yrs,Insufficient trading history
10454,50452.12,842,91.45,27.49,PAYE,LTV exceeds product maximum
10455,62690.07,822,86.45,46.06,PAYE,Affordability / High DTI
10456,60247.42,833,91.77,23.85,PAYE,LTV exceeds product maximum
10457,70487.09,651,87.86,50.48,PAYE,Affordability / High DTI
10458,54586.87,805,90.56,33.64,PAYE,LTV exceeds product maximum
10459,60125.87,809,82.42,49.27,PAYE,Affordability / High DTI
10460,75714.3,757,78.52,34.21,Self-Employed < 2yrs,Insufficient trading history
10461,59733.0,631,74.74,25.62,Self-Employed < 2yrs,Insufficient trading history
10462,75846.18,626,50.0,20.3,PAYE,Adverse credit history
10463,74850.14,731,88.21,40.78,PAYE,Affordability / High DTI
10464,87339.51,746,86.25,48.32,PAYE,Affordability / High DTI
10465,81501.95,697,82.25,48.73,PAYE,Affordability / High DTI
10466,77621.76,562,58.24,19.35,PAYE,Adverse credit history
10467,58593.81,796,89.07,52.06,PAYE,Affordability / High DTI
10468,75892.13,672,79.99,30.07,Self-Employed < 2yrs,Insufficient trading history
10469,59606.37,672,81.61,49.32,PAYE,Affordability / High DTI
10470,53122.74,770,90.92,30.98,PAYE,LTV exceeds product maximum
10471,54829.53,759,92.32,28.03,PAYE,LTV exceeds product maximum
10472,60113.6,765,92.09,23.63,PAYE,LTV exceeds product maximum
10473,81806.01,765,70.24,25.34,Self-Employed < 2yrs,Insufficient trading history
10474,57918.34,827,94.6,30.87,PAYE,LTV exceeds product maximum
10475,81682.42,744,60.68,31.76,Self-Employed < 2yrs,Insufficient trading history
10476,52389.37,849,75.76,25.7,Self-Employed < 2yrs,Insufficient trading history
10477,56865.39,615,85.4,46.52,PAYE,Affordability / High DTI
10478,62070.59,749,92.0,29.03,PAYE,LTV exceeds product maximum
10479,75569.13,604,59.78,18.94,PAYE,Adverse credit history
10480,57828.81,591,72.08,22.71,PAYE,Adverse credit history
10481,68836.82,717,83.45,51.79,PAYE,Affordability / High DTI
10482,55529.85,759,90.93,32.98,PAYE,LTV exceeds product maximum
10483,89180.33,569,60.25,19.33,PAYE,Adverse credit history
10484,67441.71,618,70.85,25.15,PAYE,Adverse credit history
10485,89965.85,579,55.62,10.0,PAYE,Adverse credit history
10486,67447.73,732,85.84,48.9,PAYE,Affordability / High DTI
10487,77453.98,814,74.42,22.63,Self-Employed < 2yrs,Insufficient trading history
10488,61055.29,766,93.37,28.08,PAYE,LTV exceeds product maximum
10489,91766.12,613,60.6,21.41,PAYE,Adverse credit history
10490,120754.24,615,67.25,21.9,PAYE,Adverse credit history
10491,89845.8,733,84.35,13.61,Self-Employed < 2yrs,Insufficient trading history
10492,66868.59,693,70.83,30.43,Self-Employed < 2yrs,Insufficient trading history
10493,57636.08,761,91.86,29.49,PAYE,LTV exceeds product maximum
10494,93515.65,856,78.3,22.38,Self-Employed < 2yrs,Insufficient trading history
10495,68234.65,692,85.52,49.34,PAYE,Affordability / High DTI
10496,97651.75,583,63.99,12.57,PAYE,Adverse credit history
10497,103791.71,569,69.17,21.72,PAYE,Adverse credit history
10498,86782.27,718,88.86,48.95,PAYE,Affordability / High DTI
10499,72469.74,695,83.62,46.95,PAYE,Affordability / High DTI
10500,64869.58,808,91.0,32.49,PAYE,LTV exceeds product maximum
10501,66929.39,739,90.55,37.01,PAYE,LTV exceeds product maximum
10502,37247.36,701,87.07,50.14,PAYE,Affordability / High DTI
10503,96345.04,540,53.74,23.07,PAYE,Adverse credit history
10504,67209.07,817,92.93,29.92,PAYE,LTV exceeds product maximum
10505,67620.62,756,88.59,47.32,PAYE,Affordability / High DTI
10506,75305.82,714,77.7,20.12,Self-Employed < 2yrs,Insufficient trading history
10507,60169.81,745,93.45,29.53,PAYE,LTV exceeds product maximum
10508,70064.24,745,90.97,26.02,PAYE,LTV exceeds product maximum
10509,69144.14,762,93.12,31.57,PAYE,LTV exceeds product maximum
10510,105123.87,615,80.27,16.25,PAYE,Adverse credit history
10511,89804.72,793,71.15,25.79,Self-Employed < 2yrs,Insufficient trading history
10512,77892.29,774,73.37,24.29,Self-Employed < 2yrs,Insufficient trading history
10513,64659.65,773,83.97,52.93,PAYE,Affordability / High DTI
10514,52139.22,783,91.8,28.08,PAYE,LTV exceeds product maximum
10515,54937.05,782,87.75,51.77,PAYE,Affordability / High DTI
10516,54009.75,729,88.55,52.55,PAYE,Affordability / High DTI
10517,76873.04,735,76.88,37.77,Self-Employed < 2yrs,Insufficient trading history
10518,91219.07,695,74.53,25.67,Self-Employed < 2yrs,Insufficient trading history
10519,87873.35,581,74.53,18.27,PAYE,Adverse credit history
10520,49083.06,735,87.4,47.61,PAYE,Affordability / High DTI
10521,67241.93,706,82.84,48.55,PAYE,Affordability / High DTI
10522,108089.38,811,77.49,28.92,Self-Employed < 2yrs,Insufficient trading history
10523,72643.87,758,85.13,49.53,PAYE,Affordability / High DTI
10524,75807.75,782,72.72,24.46,Self-Employed < 2yrs,Insufficient trading history
10525,77974.25,782,92.22,28.95,PAYE,LTV exceeds product maximum
10526,85117.67,612,66.73,21.45,PAYE,Adverse credit history
10527,75398.32,780,75.81,26.21,Self-Employed < 2yrs,Insufficient trading history
10528,51466.42,679,90.14,52.19,PAYE,Affordability / High DTI
10529,110507.45,609,57.32,24.08,PAYE,Adverse credit history
10530,87046.07,742,73.48,23.1,Self-Employed < 2yrs,Insufficient trading history
10531,118945.86,559,68.78,18.38,PAYE,Adverse credit history
10532,60885.79,822,93.6,23.98,PAYE,LTV exceeds product maximum
10533,56954.36,769,91.71,20.29,PAYE,LTV exceeds product maximum
10534,96832.7,694,71.7,23.67,Self-Employed < 2yrs,Insufficient trading history
10535,76758.84,576,66.59,23.95,PAYE,Adverse credit history
10536,58303.69,818,95.26,36.95,PAYE,LTV exceeds product maximum
10537,65484.26,854,91.46,30.88,PAYE,LTV exceeds product maximum
10538,79432.4,585,71.47,23.96,PAYE,Adverse credit history
10539,61235.31,772,91.88,34.18,PAYE,LTV exceeds product maximum
10540,68958.42,747,91.41,41.33,PAYE,LTV exceeds product maximum
10541,71974.86,793,90.38,26.63,PAYE,LTV exceeds product maximum
10542,109256.1,781,78.03,21.29,Self-Employed < 2yrs,Insufficient trading history
10543,85561.63,640,67.77,17.15,PAYE,Adverse credit history
10544,75324.22,703,65.33,19.75,Self-Employed < 2yrs,Insufficient trading history
10545,112997.64,597,64.27,21.6,PAYE,Adverse credit history
10546,97121.34,754,76.9,18.77,Self-Employed < 2yrs,Insufficient trading history
10547,56894.52,757,80.7,49.28,PAYE,Affordability / High DTI
10548,71715.3,759,91.87,35.66,PAYE,LTV exceeds product maximum
10549,105078.38,623,73.7,26.08,PAYE,Adverse credit history
10550,69383.01,800,70.8,32.44,Self-Employed < 2yrs,Insufficient trading history
10551,67727.06,847,92.26,20.2,PAYE,LTV exceeds product maximum
10552,55826.89,595,74.46,15.18,PAYE,Adverse credit history
10553,65239.91,849,93.78,40.15,PAYE,LTV exceeds product maximum
10554,61740.92,802,92.53,38.37,PAYE,LTV exceeds product maximum
10555,68439.28,744,75.23,22.85,Self-Employed < 2yrs,Insufficient trading history
10556,61150.58,795,90.71,28.78,PAYE,LTV exceeds product maximum
10557,54059.98,724,84.31,47.76,PAYE,Affordability / High DTI
10558,52212.67,678,88.12,53.51,PAYE,Affordability / High DTI
10559,59124.4,758,92.83,35.55,PAYE,LTV exceeds product maximum
10560,65648.46,606,83.89,52.84,PAYE,Affordability / High DTI
10561,58897.72,770,91.27,31.85,PAYE,LTV exceeds product maximum
10562,63789.46,794,92.05,25.95,PAYE,LTV exceeds product maximum
10563,68764.12,636,67.23,17.05,PAYE,Adverse credit history
10564,95746.06,586,64.91,20.02,PAYE,Adverse credit history
10565,62824.29,556,70.48,15.45,PAYE,Adverse credit history
10566,103991.87,628,69.0,16.65,PAYE,Adverse credit history
10567,63110.62,733,94.42,21.33,PAYE,LTV exceeds product maximum
10568,132695.72,614,73.75,15.8,PAYE,Adverse credit history
10569,90772.11,587,56.77,23.97,PAYE,Adverse credit history
10570,49202.32,746,88.99,53.82,PAYE,Affordability / High DTI
10571,91454.3,613,68.98,18.46,PAYE,Adverse credit history
10572,102551.83,604,51.39,23.84,PAYE,Adverse credit history
10573,84793.99,573,57.13,17.31,PAYE,Adverse credit history
10574,109167.61,602,66.88,10.93,PAYE,Adverse credit history
10575,53580.78,742,62.29,27.83,Self-Employed < 2yrs,Insufficient trading history
10576,54407.46,702,79.88,25.33,Self-Employed < 2yrs,Insufficient trading history
10577,64363.25,689,79.12,52.77,PAYE,Affordability / High DTI
10578,55333.86,771,83.7,29.24,Self-Employed < 2yrs,Insufficient trading history
10579,86985.07,606,71.06,17.26,PAYE,Adverse credit history
10580,67313.3,714,77.19,54.49,PAYE,Affordability / High DTI
10581,78643.03,590,64.9,22.6,PAYE,Adverse credit history
10582,60233.94,699,78.23,25.45,Self-Employed < 2yrs,Insufficient trading history
10583,57419.97,790,80.06,29.15,Self-Employed < 2yrs,Insufficient trading history
10584,65299.4,753,67.25,32.16,Self-Employed < 2yrs,Insufficient trading history
10585,37055.88,840,93.08,32.61,PAYE,LTV exceeds product maximum
10586,77816.9,775,79.59,29.22,Self-Employed < 2yrs,Insufficient trading history
10587,31949.27,791,85.36,43.73,PAYE,Affordability / High DTI
10588,46141.64,772,88.76,26.14,PAYE,LTV exceeds product maximum
10589,74540.93,704,85.46,50.08,PAYE,Affordability / High DTI
10590,63691.15,781,91.87,28.4,PAYE,LTV exceeds product maximum
10591,62760.85,744,85.96,50.11,PAYE,Affordability / High DTI
10592,70050.85,698,82.45,24.29,Self-Employed < 2yrs,Insufficient trading history
10593,58102.26,679,83.58,45.49,PAYE,Affordability / High DTI
10594,56306.44,732,91.52,25.3,PAYE,LTV exceeds product maximum
10595,65692.3,610,79.26,54.39,PAYE,Affordability / High DTI
10596,64002.22,663,82.78,47.73,PAYE,Affordability / High DTI
10597,56078.36,725,76.18,28.06,Self-Employed < 2yrs,Insufficient trading history
10598,102644.43,618,66.66,22.61,PAYE,Adverse credit history
10599,60671.44,729,80.98,23.49,Self-Employed < 2yrs,Insufficient trading history
10600,76814.39,686,79.57,24.37,Self-Employed < 2yrs,Insufficient trading history
10601,70662.4,736,85.32,51.28,PAYE,Affordability / High DTI
10602,59189.21,719,87.66,46.35,PAYE,Affordability / High DTI
10603,62225.71,698,81.62,51.52,PAYE,Affordability / High DTI
10604,48375.73,734,85.47,56.71,PAYE,Affordability / High DTI
10605,86759.76,683,75.87,28.02,Self-Employed < 2yrs,Insufficient trading history
10606,63989.46,760,73.42,36.44,Self-Employed < 2yrs,Insufficient trading history
10607,102473.68,606,71.0,21.73,PAYE,Adverse credit history
10608,73169.33,637,87.32,50.1,PAYE,Affordability / High DTI
10609,50532.55,687,77.48,27.57,Self-Employed < 2yrs,Insufficient trading history
10610,74317.5,810,94.13,28.12,PAYE,LTV exceeds product maximum
10611,111468.59,588,68.83,15.98,PAYE,Adverse credit history
10612,67353.36,761,92.04,30.66,PAYE,LTV exceeds product maximum
10613,71387.68,717,84.6,51.68,PAYE,Affordability / High DTI
10614,64032.3,745,78.01,26.49,Self-Employed < 2yrs,Insufficient trading history
10615,80228.2,592,73.84,25.11,PAYE,Adverse credit history
10616,104438.3,768,81.97,51.38,PAYE,Affordability / High DTI
10617,52366.14,816,81.37,52.67,PAYE,Affordability / High DTI
10618,87112.03,733,77.86,22.15,Self-Employed < 2yrs,Insufficient trading history
10619,63481.42,759,72.08,29.55,Self-Employed < 2yrs,Insufficient trading history
10620,50797.74,730,82.67,50.83,PAYE,Affordability / High DTI
10621,69636.76,863,75.53,27.17,Self-Employed < 2yrs,Insufficient trading history
10622,84526.44,856,75.89,26.56,Self-Employed < 2yrs,Insufficient trading history
10623,103831.23,621,62.54,19.36,PAYE,Adverse credit history
10624,55820.23,746,70.36,23.15,Self-Employed < 2yrs,Insufficient trading history
10625,65710.66,736,75.77,16.52,Self-Employed < 2yrs,Insufficient trading history
10626,46866.08,612,69.83,18.85,PAYE,Adverse credit history
10627,67753.44,607,83.26,16.72,PAYE,Adverse credit history
10628,72978.21,751,82.76,48.63,PAYE,Affordability / High DTI
10629,87952.92,747,71.9,35.72,Self-Employed < 2yrs,Insufficient trading history
10630,68206.26,751,92.42,38.08,PAYE,LTV exceeds product maximum
10631,128061.73,579,70.12,23.77,PAYE,Adverse credit history
10632,100494.15,828,74.24,25.01,Self-Employed < 2yrs,Insufficient trading history
10633,64464.51,636,80.07,50.27,PAYE,Affordability / High DTI
10634,102773.98,754,74.65,11.95,Self-Employed < 2yrs,Insufficient trading history
10635,46309.46,721,89.07,26.9,PAYE,LTV exceeds product maximum
10636,65507.45,609,68.4,16.51,PAYE,Adverse credit history
10637,83817.06,725,83.94,51.16,PAYE,Affordability / High DTI
10638,63189.87,798,78.51,24.03,Self-Employed < 2yrs,Insufficient trading history
10639,84575.18,590,50.21,19.08,PAYE,Adverse credit history
10640,54573.59,795,81.58,46.64,PAYE,Affordability / High DTI
10641,68328.65,717,80.5,51.56,PAYE,Affordability / High DTI
10642,75965.59,736,73.93,30.6,Self-Employed < 2yrs,Insufficient trading history
10643,83035.94,605,67.04,27.61,PAYE,Adverse credit history
10644,78023.73,641,84.41,48.6,PAYE,Affordability / High DTI
10645,78031.4,748,83.08,50.76,PAYE,Affordability / High DTI
10646,83476.4,599,68.06,26.55,PAYE,Adverse credit history
10647,79732.82,664,79.4,26.42,Self-Employed < 2yrs,Insufficient trading history
10648,96641.48,547,65.77,19.29,PAYE,Adverse credit history
10649,69290.41,580,74.09,15.67,PAYE,Adverse credit history
10650,85170.76,589,69.35,23.22,PAYE,Adverse credit history
10651,63464.85,763,92.49,33.61,PAYE,LTV exceeds product maximum
10652,61590.26,746,91.16,28.6,PAYE,LTV exceeds product maximum
10653,101471.09,620,59.98,21.91,PAYE,Adverse credit history
10654,75488.62,755,77.57,52.0,PAYE,Affordability / High DTI
10655,54672.83,787,91.06,25.0,PAYE,LTV exceeds product maximum
10656,58132.92,735,86.11,50.23,PAYE,Affordability / High DTI
10657,59140.68,722,72.42,20.27,Self-Employed < 2yrs,Insufficient trading history
10658,56916.04,677,92.73,33.47,PAYE,LTV exceeds product maximum
10659,55237.65,708,85.39,51.27,PAYE,Affordability / High DTI
10660,57561.7,807,93.51,22.5,PAYE,LTV exceeds product maximum
10661,51266.07,742,86.01,49.18,PAYE,Affordability / High DTI
10662,101199.36,576,80.68,21.85,PAYE,Adverse credit history
10663,52057.76,827,90.45,35.11,PAYE,LTV exceeds product maximum
10664,90740.45,895,71.74,25.8,Self-Employed < 2yrs,Insufficient trading history
10665,51588.64,759,68.16,21.84,Self-Employed < 2yrs,Insufficient trading history
10666,78518.23,627,67.89,13.89,PAYE,Adverse credit history
10667,81704.86,801,75.46,24.03,Self-Employed < 2yrs,Insufficient trading history
10668,89377.24,713,80.38,21.49,Self-Employed < 2yrs,Insufficient trading history
10669,60324.39,789,81.5,43.62,PAYE,Affordability / High DTI
10670,61438.56,713,85.94,48.44,PAYE,Affordability / High DTI
10671,57550.77,826,90.89,31.33,PAYE,LTV exceeds product maximum
10672,50739.52,810,89.31,32.72,PAYE,LTV exceeds product maximum
10673,70724.09,817,79.32,20.6,Self-Employed < 2yrs,Insufficient trading history
10674,92852.19,653,67.54,23.31,PAYE,Adverse credit history
10675,69845.91,724,83.85,51.36,PAYE,Affordability / High DTI
10676,50252.63,611,70.08,17.94,PAYE,Adverse credit history
10677,71719.86,746,92.29,28.09,PAYE,LTV exceeds product maximum
10678,64596.87,735,93.56,31.29,PAYE,LTV exceeds product maximum
10679,69575.24,772,91.54,26.52,PAYE,LTV exceeds product maximum
10680,46879.14,836,94.3,26.28,PAYE,LTV exceeds product maximum
10681,95816.93,707,70.66,22.14,Self-Employed < 2yrs,Insufficient trading history
10682,103227.84,578,61.92,16.89,PAYE,Adverse credit history
10683,73359.21,733,62.67,25.93,Self-Employed < 2yrs,Insufficient trading history
10684,61646.28,600,60.2,25.29,PAYE,Adverse credit history
10685,74065.84,803,92.22,37.09,PAYE,LTV exceeds product maximum
10686,57888.81,768,82.76,50.28,PAYE,Affordability / High DTI
10687,71419.69,711,77.43,26.59,Self-Employed < 2yrs,Insufficient trading history
10688,66059.35,568,61.39,21.34,PAYE,Adverse credit history
10689,51700.17,808,92.17,31.34,PAYE,LTV exceeds product maximum
10690,85936.9,727,84.69,21.29,Self-Employed < 2yrs,Insufficient trading history
10691,114054.21,660,68.92,18.01,PAYE,Adverse credit history
10692,63999.1,713,90.88,40.77,PAYE,LTV exceeds product maximum
10693,77080.77,736,80.21,43.43,PAYE,Affordability / High DTI
10694,89881.43,604,70.38,17.68,PAYE,Adverse credit history
10695,66018.95,776,93.5,31.8,PAYE,LTV exceeds product maximum
10696,66431.48,741,82.16,20.23,Self-Employed < 2yrs,Insufficient trading history
10697,56412.45,814,90.93,30.73,PAYE,LTV exceeds product maximum
10698,62933.24,800,93.83,28.38,PAYE,LTV exceeds product maximum
10699,64392.37,773,91.49,30.97,PAYE,LTV exceeds product maximum
10700,60688.42,768,84.79,52.91,PAYE,Affordability / High DTI
10701,84041.15,721,74.2,17.84,Self-Employed < 2yrs,Insufficient trading history
10702,55249.87,734,88.69,52.29,PAYE,Affordability / High DTI
10703,99417.89,759,72.79,28.01,Self-Employed < 2yrs,Insufficient trading history
10704,75887.44,673,83.58,47.31,PAYE,Affordability / High DTI
10705,82130.85,760,77.6,21.7,Self-Employed < 2yrs,Insufficient trading history
10706,61093.1,717,73.29,27.02,Self-Employed < 2yrs,Insufficient trading history
10707,65240.05,707,73.51,18.65,Self-Employed < 2yrs,Insufficient trading history
10708,113673.9,575,58.17,15.12,PAYE,Adverse credit history
10709,60630.2,707,72.57,29.85,Self-Employed < 2yrs,Insufficient trading history
10710,61247.9,722,81.2,48.95,PAYE,Affordability / High DTI
10711,71653.29,752,83.75,49.65,PAYE,Affordability / High DTI
10712,107779.45,639,77.72,13.05,PAYE,Adverse credit history
10713,57843.84,696,68.74,25.64,Self-Employed < 2yrs,Insufficient trading history
10714,72728.56,793,79.11,27.55,Self-Employed < 2yrs,Insufficient trading history
10715,61911.9,754,76.88,20.88,Self-Employed < 2yrs,Insufficient trading history
10716,80049.16,810,79.33,24.16,Self-Employed < 2yrs,Insufficient trading history
10717,70584.27,686,82.27,52.51,PAYE,Affordability / High DTI
10718,44775.57,838,79.09,24.72,Self-Employed < 2yrs,Insufficient trading history
10719,90952.55,554,57.38,12.86,PAYE,Adverse credit history
10720,50099.11,838,90.34,25.9,PAYE,LTV exceeds product maximum
10721,53636.19,747,72.76,28.88,Self-Employed < 2yrs,Insufficient trading history
10722,81749.1,719,73.03,28.78,Self-Employed < 2yrs,Insufficient trading history
10723,57612.36,634,89.93,43.65,PAYE,Affordability / High DTI
10724,82601.41,726,86.75,50.31,PAYE,Affordability / High DTI
10725,60708.39,818,73.01,15.66,Self-Employed < 2yrs,Insufficient trading history
10726,61141.12,760,69.15,21.26,Self-Employed < 2yrs,Insufficient trading history
10727,55206.74,792,91.81,28.77,PAYE,LTV exceeds product maximum
10728,62262.35,593,77.7,22.99,PAYE,Adverse credit history
10729,115006.27,615,70.62,17.91,PAYE,Adverse credit history
10730,68160.37,785,92.54,21.25,PAYE,LTV exceeds product maximum
10731,51533.3,743,84.16,51.17,PAYE,Affordability / High DTI
10732,38028.88,682,80.2,50.02,PAYE,Affordability / High DTI
10733,105007.29,595,85.28,22.88,PAYE,Adverse credit history
10734,55011.52,705,78.12,26.54,Self-Employed < 2yrs,Insufficient trading history
10735,70853.8,690,70.41,22.94,Self-Employed < 2yrs,Insufficient trading history
10736,126286.83,590,65.4,15.91,PAYE,Adverse credit history
10737,70034.52,750,91.05,34.68,PAYE,LTV exceeds product maximum
10738,57197.14,690,83.22,42.84,PAYE,Affordability / High DTI
10739,72168.58,713,81.35,51.32,PAYE,Affordability / High DTI
10740,66577.96,716,82.28,46.75,PAYE,Affordability / High DTI
10741,76812.88,832,86.67,32.27,Self-Employed < 2yrs,Insufficient trading history
10742,99388.29,574,53.85,21.57,PAYE,Adverse credit history
10743,69781.12,878,93.06,22.02,PAYE,LTV exceeds product maximum
10744,52998.97,614,84.59,46.52,PAYE,Affordability / High DTI
10745,63463.93,744,90.63,29.94,PAYE,LTV exceeds product maximum
10746,62333.72,869,89.0,37.06,PAYE,LTV exceeds product maximum
10747,75834.55,727,83.79,42.82,PAYE,Affordability / High DTI
10748,51579.67,815,85.81,54.48,PAYE,Affordability / High DTI
10749,75460.87,591,73.34,25.32,PAYE,Adverse credit history
10750,63304.34,686,86.61,47.76,PAYE,Affordability / High DTI
10751,82800.28,633,71.08,25.11,Self-Employed < 2yrs,Insufficient trading history
10752,98064.9,741,78.13,26.75,Self-Employed < 2yrs,Insufficient trading history
10753,102111.4,580,68.92,15.56,PAYE,Adverse credit history
10754,87466.88,739,78.92,20.05,Self-Employed < 2yrs,Insufficient trading history
10755,48704.74,691,77.09,38.5,Self-Employed < 2yrs,Insufficient trading history
10756,80615.81,766,80.98,31.85,Self-Employed < 2yrs,Insufficient trading history
10757,76795.78,795,72.59,20.79,Self-Employed < 2yrs,Insufficient trading history
10758,48349.04,705,90.84,28.07,PAYE,LTV exceeds product maximum
10759,59070.35,602,60.79,26.81,PAYE,Adverse credit history
10760,71284.93,741,82.13,50.45,PAYE,Affordability / High DTI
10761,66767.35,727,85.48,52.48,PAYE,Affordability / High DTI
10762,95239.81,646,58.91,14.05,PAYE,Adverse credit history
10763,74074.64,659,82.75,52.02,PAYE,Affordability / High DTI
10764,87310.25,748,84.13,50.54,PAYE,Affordability / High DTI
10765,57568.65,722,93.03,25.05,PAYE,LTV exceeds product maximum
10766,61132.31,795,89.75,32.54,PAYE,LTV exceeds product maximum
10767,97013.22,619,59.88,21.22,PAYE,Adverse credit history
10768,75771.33,737,83.34,59.86,PAYE,Affordability / High DTI
10769,81106.13,819,67.68,23.21,Self-Employed < 2yrs,Insufficient trading history
10770,56044.79,714,93.29,29.65,PAYE,LTV exceeds product maximum
10771,94888.31,744,69.36,26.87,Self-Employed < 2yrs,Insufficient trading history
10772,116067.31,640,68.84,15.99,PAYE,Adverse credit history
10773,61973.76,723,90.14,31.7,PAYE,LTV exceeds product maximum
10774,41011.34,711,76.77,31.95,Self-Employed < 2yrs,Insufficient trading history
10775,87005.26,796,73.94,28.31,Self-Employed < 2yrs,Insufficient trading history
10776,62001.1,722,70.37,27.59,Self-Employed < 2yrs,Insufficient trading history
10777,52331.37,830,94.67,22.48,PAYE,LTV exceeds product maximum
10778,72931.54,689,87.37,51.83,PAYE,Affordability / High DTI
10779,55647.28,821,89.28,24.33,PAYE,LTV exceeds product maximum
10780,67967.1,716,92.46,27.75,PAYE,LTV exceeds product maximum
10781,71921.34,673,82.39,19.26,Self-Employed < 2yrs,Insufficient trading history
10782,48191.89,755,92.96,32.22,PAYE,LTV exceeds product maximum
10783,99866.99,564,65.97,21.08,PAYE,Adverse credit history
10784,112120.97,626,55.74,23.99,PAYE,Adverse credit history
10785,86567.66,604,69.11,21.2,PAYE,Adverse credit history
10786,70580.92,759,82.43,49.21,PAYE,Affordability / High DTI
10787,58174.59,739,88.47,30.84,PAYE,LTV exceeds product maximum
10788,72397.7,735,91.94,34.6,PAYE,LTV exceeds product maximum
10789,60602.57,581,67.73,13.43,PAYE,Adverse credit history
10790,86422.39,684,84.87,51.49,PAYE,Affordability / High DTI
10791,58991.66,694,79.72,48.48,PAYE,Affordability / High DTI
10792,68365.11,802,91.58,26.72,PAYE,LTV exceeds product maximum
10793,58093.81,797,90.64,23.62,PAYE,LTV exceeds product maximum
10794,58851.56,684,92.43,29.35,PAYE,LTV exceeds product maximum
10795,60841.87,554,69.25,20.68,PAYE,Adverse credit history
10796,59968.16,700,81.62,47.84,PAYE,Affordability / High DTI
10797,78858.93,611,61.44,13.56,PAYE,Adverse credit history
10798,119574.28,610,54.57,20.1,PAYE,Adverse credit history
10799,59153.65,757,91.67,33.12,PAYE,LTV exceeds product maximum
10800,54034.81,726,92.32,31.33,PAYE,LTV exceeds product maximum
10801,51263.89,761,79.05,12.27,Self-Employed < 2yrs,Insufficient trading history
10802,110190.21,615,58.95,21.34,PAYE,Adverse credit history
10803,84928.83,593,71.42,14.51,PAYE,Adverse credit history
10804,77191.82,720,85.88,56.0,PAYE,Affordability / High DTI
10805,80470.68,643,65.75,23.44,PAYE,Adverse credit history
10806,74409.7,639,81.61,50.61,PAYE,Affordability / High DTI
10807,85285.08,834,69.82,33.48,Self-Employed < 2yrs,Insufficient trading history
10808,84914.82,691,83.26,53.04,PAYE,Affordability / High DTI
10809,65640.66,730,87.52,48.32,PAYE,Affordability / High DTI
10810,59562.11,725,85.38,49.23,PAYE,Affordability / High DTI
10811,62292.36,654,83.42,43.71,PAYE,Affordability / High DTI
10812,89733.15,622,70.72,15.5,PAYE,Adverse credit history
10813,51741.52,774,93.45,24.34,PAYE,LTV exceeds product maximum
10814,62429.1,767,89.02,35.56,PAYE,LTV exceeds product maximum
10815,89418.81,568,79.85,27.72,PAYE,Adverse credit history
10816,77263.63,707,87.32,50.78,PAYE,Affordability / High DTI
10817,61153.7,732,82.3,47.74,PAYE,Affordability / High DTI
10818,46448.21,685,81.56,52.81,PAYE,Affordability / High DTI
10819,83793.73,755,74.07,22.58,Self-Employed < 2yrs,Insufficient trading history
10820,53777.32,806,91.66,29.85,PAYE,LTV exceeds product maximum
10821,78717.9,710,74.98,31.27,Self-Employed < 2yrs,Insufficient trading history
10822,64355.82,768,93.53,28.19,PAYE,LTV exceeds product maximum
10823,62841.85,577,62.93,21.06,PAYE,Adverse credit history
10824,47749.67,837,74.2,38.03,Self-Employed < 2yrs,Insufficient trading history
10825,49827.92,818,82.87,54.7,PAYE,Affordability / High DTI
10826,63851.74,746,82.65,46.64,PAYE,Affordability / High DTI
10827,73744.32,634,81.11,53.23,PAYE,Affordability / High DTI
10828,102041.51,600,72.47,20.11,PAYE,Adverse credit history
10829,76477.78,543,73.13,14.71,PAYE,Adverse credit history
10830,46501.4,711,83.91,49.93,PAYE,Affordability / High DTI
10831,110899.42,606,52.82,18.5,PAYE,Adverse credit history
10832,93875.98,665,73.51,26.43,PAYE,Adverse credit history
10833,65808.28,680,91.13,29.66,PAYE,LTV exceeds product maximum
10834,52615.35,819,91.74,26.82,PAYE,LTV exceeds product maximum
10835,57509.21,644,62.65,16.22,PAYE,Adverse credit history
10836,51462.49,695,84.43,51.28,PAYE,Affordability / High DTI
10837,111560.37,621,65.89,15.77,PAYE,Adverse credit history
10838,78097.33,618,67.07,16.06,PAYE,Adverse credit history
10839,69270.46,770,80.01,28.85,Self-Employed < 2yrs,Insufficient trading history
10840,92090.27,600,65.88,15.06,PAYE,Adverse credit history
10841,71630.26,778,61.34,23.38,Self-Employed < 2yrs,Insufficient trading history
10842,66334.61,722,72.33,19.3,Self-Employed < 2yrs,Insufficient trading history
10843,101526.36,758,69.41,22.09,Self-Employed < 2yrs,Insufficient trading history
10844,73946.07,747,91.47,38.89,PAYE,LTV exceeds product maximum
10845,57407.73,660,82.94,47.06,PAYE,Affordability / High DTI
10846,81004.15,554,57.9,24.11,PAYE,Adverse credit history
10847,92428.52,790,75.39,24.4,Self-Employed < 2yrs,Insufficient trading history
10848,63680.92,793,95.43,37.56,PAYE,LTV exceeds product maximum
10849,74327.17,559,78.05,20.18,PAYE,Adverse credit history
10850,52919.4,806,93.64,38.07,PAYE,LTV exceeds product maximum
10851,72040.76,632,57.21,16.44,PAYE,Adverse credit history
10852,71789.78,794,91.64,26.42,PAYE,LTV exceeds product maximum
10853,73861.52,742,78.53,30.11,Self-Employed < 2yrs,Insufficient trading history
10854,82535.61,828,73.51,20.01,Self-Employed < 2yrs,Insufficient trading history
10855,69540.65,693,84.98,54.6,PAYE,Affordability / High DTI
10856,83583.81,685,79.06,28.99,Self-Employed < 2yrs,Insufficient trading history
10857,68051.66,721,74.64,20.77,Self-Employed < 2yrs,Insufficient trading history
10858,77281.75,777,82.64,53.61,PAYE,Affordability / High DTI
10859,126406.47,625,68.86,14.3,PAYE,Adverse credit history
10860,54929.88,797,91.22,34.42,PAYE,LTV exceeds product maximum
10861,68187.91,836,91.52,31.76,PAYE,LTV exceeds product maximum
10862,80720.56,592,77.14,28.07,PAYE,Adverse credit history
10863,60021.1,831,90.25,35.26,PAYE,LTV exceeds product maximum
10864,97231.77,841,76.25,26.37,Self-Employed < 2yrs,Insufficient trading history
10865,72851.74,701,77.61,25.67,Self-Employed < 2yrs,Insufficient trading history
10866,63437.55,781,89.7,39.27,PAYE,LTV exceeds product maximum
10867,78811.34,572,85.99,22.98,PAYE,Adverse credit history
10868,66045.91,752,79.57,48.15,PAYE,Affordability / High DTI
10869,52460.65,650,86.01,47.49,PAYE,Affordability / High DTI
10870,64152.47,727,76.15,27.31,Self-Employed < 2yrs,Insufficient trading history
10871,64393.93,764,85.91,54.81,PAYE,Affordability / High DTI
10872,92070.78,617,56.79,18.73,PAYE,Adverse credit history
10873,87651.19,624,62.52,15.06,PAYE,Adverse credit history
10874,81928.01,802,69.86,24.2,Self-Employed < 2yrs,Insufficient trading history
10875,63400.93,580,75.24,19.42,PAYE,Adverse credit history
10876,75626.63,598,81.93,47.4,PAYE,Affordability / High DTI
10877,60306.74,679,76.26,50.33,PAYE,Affordability / High DTI
10878,50800.73,745,88.29,50.93,PAYE,Affordability / High DTI
10879,59169.48,752,92.77,35.39,PAYE,LTV exceeds product maximum
10880,44908.8,755,85.93,48.26,PAYE,Affordability / High DTI
10881,50413.3,800,87.05,32.38,Self-Employed < 2yrs,Insufficient trading history
10882,87355.56,629,69.4,19.14,PAYE,Adverse credit history
10883,70473.45,721,81.88,24.19,Self-Employed < 2yrs,Insufficient trading history
10884,68974.1,747,73.47,21.87,Self-Employed < 2yrs,Insufficient trading history
10885,50587.13,820,94.36,32.32,PAYE,LTV exceeds product maximum
10886,62073.9,704,83.27,43.8,PAYE,Affordability / High DTI
10887,70800.33,797,76.71,30.69,Self-Employed < 2yrs,Insufficient trading history
10888,77556.45,647,78.77,45.08,PAYE,Affordability / High DTI
10889,90430.26,714,86.71,22.41,Self-Employed < 2yrs,Insufficient trading history
10890,82453.9,847,91.83,32.66,PAYE,LTV exceeds product maximum
10891,58443.43,664,85.33,51.47,PAYE,Affordability / High DTI
10892,72652.92,812,86.31,51.58,PAYE,Affordability / High DTI
10893,68217.14,749,90.52,31.69,PAYE,LTV exceeds product maximum
10894,40632.06,760,70.38,29.2,Self-Employed < 2yrs,Insufficient trading history
10895,73271.48,729,78.89,30.73,Self-Employed < 2yrs,Insufficient trading history
10896,67993.9,773,84.97,50.93,PAYE,Affordability / High DTI
10897,61572.35,770,91.64,37.58,PAYE,LTV exceeds product maximum
10898,67285.5,688,82.55,28.96,Self-Employed < 2yrs,Insufficient trading history
10899,66002.31,746,95.03,29.09,PAYE,LTV exceeds product maximum
10900,48919.83,588,70.73,22.7,PAYE,Adverse credit history
10901,113977.61,592,74.05,23.03,PAYE,Adverse credit history
10902,48858.02,729,94.88,27.65,PAYE,LTV exceeds product maximum
10903,61830.67,817,85.16,51.38,PAYE,Affordability / High DTI
10904,81535.27,709,76.2,20.75,Self-Employed < 2yrs,Insufficient trading history
10905,77566.43,717,88.19,45.22,PAYE,Affordability / High DTI
10906,75206.47,741,85.56,50.49,PAYE,Affordability / High DTI
10907,95157.11,782,76.21,29.66,Self-Employed < 2yrs,Insufficient trading history
10908,59925.64,756,92.17,24.51,PAYE,LTV exceeds product maximum
10909,58379.72,755,92.41,34.81,PAYE,LTV exceeds product maximum
10910,104135.66,584,64.26,22.71,PAYE,Adverse credit history
10911,63083.41,833,91.87,34.22,PAYE,LTV exceeds product maximum
10912,54313.77,698,90.6,35.12,PAYE,LTV exceeds product maximum
10913,112280.16,582,68.41,24.88,PAYE,Adverse credit history
10914,59706.57,742,85.17,43.79,PAYE,Affordability / High DTI
10915,60886.98,795,81.62,45.25,PAYE,Affordability / High DTI
10916,91110.39,746,79.34,22.39,Self-Employed < 2yrs,Insufficient trading history
10917,81289.47,824,76.92,27.16,Self-Employed < 2yrs,Insufficient trading history
10918,53816.22,709,94.06,31.5,PAYE,LTV exceeds product maximum
10919,64688.45,803,82.93,55.93,PAYE,Affordability / High DTI
10920,137567.2,558,71.8,15.58,PAYE,Adverse credit history
10921,62020.56,783,91.99,27.27,PAYE,LTV exceeds product maximum
10922,53342.62,711,92.52,28.79,PAYE,LTV exceeds product maximum
10923,74754.78,840,90.17,51.13,PAYE,Affordability / High DTI
10924,65069.63,735,93.04,50.73,PAYE,Affordability / High DTI
10925,46898.86,814,88.93,29.52,PAYE,LTV exceeds product maximum
10926,92271.39,605,55.27,29.17,PAYE,Adverse credit history
10927,69426.43,700,82.38,53.5,PAYE,Affordability / High DTI
10928,68654.11,775,92.87,39.22,PAYE,LTV exceeds product maximum
10929,66512.3,805,91.14,26.66,PAYE,LTV exceeds product maximum
10930,67872.38,747,93.86,33.1,PAYE,LTV exceeds product maximum
10931,82953.11,581,52.96,24.12,PAYE,Adverse credit history
10932,89948.6,622,73.11,24.46,PAYE,Adverse credit history
10933,92274.28,560,71.06,23.95,PAYE,Adverse credit history
10934,95829.26,581,67.54,19.35,PAYE,Adverse credit history
10935,61134.83,768,86.16,49.12,PAYE,Affordability / High DTI
10936,68168.82,602,64.44,19.66,PAYE,Adverse credit history
10937,70532.19,699,87.72,45.26,PAYE,Affordability / High DTI
10938,72786.71,579,62.35,26.04,PAYE,Adverse credit history
10939,74153.7,738,81.87,26.71,Self-Employed < 2yrs,Insufficient trading history
10940,34020.61,730,77.29,25.22,Self-Employed < 2yrs,Insufficient trading history
10941,140054.97,586,67.7,16.65,PAYE,Adverse credit history
10942,122856.44,581,69.42,22.58,PAYE,Adverse credit history
10943,102482.11,568,63.59,22.39,PAYE,Adverse credit history
10944,86488.95,572,56.56,26.37,PAYE,Adverse credit history
10945,57463.37,747,71.21,22.25,Self-Employed < 2yrs,Insufficient trading history
10946,100095.22,587,63.79,24.07,PAYE,Adverse credit history
10947,106985.93,614,73.48,21.62,PAYE,Adverse credit history
10948,62356.51,670,80.71,52.21,PAYE,Affordability / High DTI
10949,68814.65,597,69.68,13.44,PAYE,Adverse credit history
10950,109347.56,588,64.66,17.89,PAYE,Adverse credit history
10951,44425.99,797,94.28,27.88,PAYE,LTV exceeds product maximum
10952,86706.41,696,68.07,27.73,Self-Employed < 2yrs,Insufficient trading history
10953,92905.2,776,80.12,28.05,Self-Employed < 2yrs,Insufficient trading history
10954,64692.31,775,90.53,29.48,PAYE,LTV exceeds product maximum
10955,58548.5,855,92.28,19.64,PAYE,LTV exceeds product maximum
10956,55046.05,758,88.27,49.41,PAYE,Affordability / High DTI
10957,49813.38,801,92.93,30.43,PAYE,LTV exceeds product maximum
10958,69499.84,585,68.03,22.54,PAYE,Adverse credit history
10959,66828.14,632,68.78,18.13,PAYE,Adverse credit history
10960,99131.64,578,67.72,17.89,PAYE,Adverse credit history
10961,71307.5,777,92.2,36.7,PAYE,LTV exceeds product maximum
10962,114004.74,590,70.41,25.23,PAYE,Adverse credit history
10963,60573.95,845,70.68,23.64,Self-Employed < 2yrs,Insufficient trading history
10964,68787.84,773,81.53,50.48,PAYE,Affordability / High DTI
10965,79346.22,743,77.69,23.93,Self-Employed < 2yrs,Insufficient trading history
10966,51659.85,762,75.23,21.62,Self-Employed < 2yrs,Insufficient trading history
10967,107313.89,692,71.97,24.19,Self-Employed < 2yrs,Insufficient trading history
10968,57039.71,801,91.04,32.15,PAYE,LTV exceeds product maximum
10969,77549.35,633,68.07,15.1,PAYE,Adverse credit history
10970,124859.74,612,65.99,13.48,PAYE,Adverse credit history
10971,86671.57,797,70.27,24.74,Self-Employed < 2yrs,Insufficient trading history
10972,53236.92,794,87.55,46.92,PAYE,Affordability / High DTI
10973,54783.11,738,73.55,23.62,Self-Employed < 2yrs,Insufficient trading history
10974,91537.75,713,76.71,27.54,Self-Employed < 2yrs,Insufficient trading history
10975,77657.35,738,94.82,34.99,PAYE,LTV exceeds product maximum
10976,48047.9,805,93.26,37.0,PAYE,LTV exceeds product maximum
10977,77439.93,711,77.85,18.95,Self-Employed < 2yrs,Insufficient trading history
10978,62540.76,706,72.6,29.68,Self-Employed < 2yrs,Insufficient trading history
10979,103446.03,592,67.71,21.72,PAYE,Adverse credit history
10980,47867.49,782,89.7,34.63,PAYE,LTV exceeds product maximum
10981,70494.47,670,79.1,45.8,PAYE,Affordability / High DTI
10982,43252.35,672,72.89,30.62,Self-Employed < 2yrs,Insufficient trading history
10983,132474.05,639,68.88,13.07,PAYE,Adverse credit history
10984,50269.99,664,82.59,48.59,PAYE,Affordability / High DTI
10985,76426.13,740,85.02,48.62,PAYE,Affordability / High DTI
10986,65344.03,623,84.63,48.99,PAYE,Affordability / High DTI
10987,72795.8,747,73.52,27.9,Self-Employed < 2yrs,Insufficient trading history
10988,77784.87,593,70.79,18.56,PAYE,Adverse credit history
10989,65935.19,762,82.01,50.05,PAYE,Affordability / High DTI
10990,63241.82,735,87.35,23.96,Self-Employed < 2yrs,Insufficient trading history
10991,91262.44,818,68.56,34.79,Self-Employed < 2yrs,Insufficient trading history
10992,46281.01,792,94.84,30.8,PAYE,LTV exceeds product maximum
10993,51227.26,801,95.03,38.54,PAYE,LTV exceeds product maximum
10994,76829.21,789,69.24,23.07,Self-Employed < 2yrs,Insufficient trading history
10995,72907.24,605,67.96,15.39,PAYE,Adverse credit history
10996,89228.56,617,60.76,24.36,PAYE,Adverse credit history
10997,82893.95,778,70.82,21.04,Self-Employed < 2yrs,Insufficient trading history
10998,89161.85,596,60.18,15.67,PAYE,Adverse credit history
10999,52163.77,754,88.91,52.72,PAYE,Affordability / High DTI
11000,65988.85,814,83.83,53.77,PAYE,Affordability / High DTI
